ID,SMILES,CATEGORY
CHEMBL3278797,COC(=O)[C@H](C)NC(=O)c1ccccc1N,MAOB
CHEMBL3585835,COC(=O)CCCCCN1C(=O)c2ccccc2NC1c1ccc2c(c1)OCO2,MAOB
CHEMBL3585836,COC(=O)CCCCCN1C(=O)c2ccccc2NC1c1ccc(Cl)cc1,MAOB
CHEMBL3585833,COC(=O)CCCN1C(=O)c2ccccc2NC1c1ccc2c(c1)OCO2,MAOB
CHEMBL218323,Clc1ccc(-c2cc(-c3ccc(Cl)cc3)[nH]n2)cc1,MAOB
CHEMBL3408918,O=C(Cn1c(=O)c(Cc2ccccc2)nc2ccccc21)NNC(=O)C(Cc1ccccc1)NC(=O)OCC1c2ccccc2-c2ccccc21,MAOB
CHEMBL3408926,C/C(=N\NC(=O)Cn1c(=O)c(Cc2ccccc2)nc2ccccc21)c1ccc(O)cc1,MAOB
CHEMBL3408920,O=C(Cn1c(=O)c(Cc2ccccc2)nc2ccccc21)N/N=C/c1ccccc1,MAOB
CHEMBL514151,CCC(=O)N1N=C(c2ccc(C)cc2)CC1c1ccc(F)cc1,MAOB
CHEMBL3408922,COc1ccc(/C=N/NC(=O)Cn2c(=O)c(Cc3ccccc3)nc3ccccc32)cc1,MAOB
CHEMBL3585809,COC(=O)CCCNC(=O)c1ccccc1N,MAOB
CHEMBL472903,CCC(=O)N1N=C(c2ccc(C)cc2)CC1c1ccccc1,MAOB
CHEMBL3585830,COC(=O)CCN1C(=O)c2ccccc2NC1c1ccc2c(c1)OCO2,MAOB
CHEMBL3585817,COC(=O)C(C)N1C(=O)c2ccccc2NC1c1ccc2c(c1)OCO2,MAOB
CHEMBL3408921,O=C(Cn1c(=O)c(Cc2ccccc2)nc2ccccc21)N/N=C/c1ccc(O)cc1,MAOB
CHEMBL223001,CC(=O)N1C(=O)C(=O)c2ccccc21,MAOB
CHEMBL3577040,COC(=O)[C@H](C)NC(=O)c1ccc(NC(=O)C(=O)c2ccccc2NC(C)=O)cc1,MAOB
CHEMBL3577047,COC(=O)CCCCCNC(=O)c1ccc(NC(=O)C(=O)c2ccccc2NC(C)=O)cc1,MAOB
CHEMBL3577048,COC(=O)C1(NC(=O)c2ccc(NC(=O)C(=O)c3ccccc3NC(C)=O)cc2)CCCC1,MAOB
CHEMBL3577037,COC(=O)CCNC(=O)C(=O)c1ccccc1NC(C)=O,MAOB
CHEMBL3577041,COC(=O)[C@@H](NC(=O)c1ccc(NC(=O)C(=O)c2ccccc2NC(C)=O)cc1)C(C)C,MAOB
CHEMBL221293,Cc1ccc(-c2cc(-c3ccc(Cl)cc3)[nH]n2)cc1,MAOB
CHEMBL218324,Fc1ccc(-c2cc(-c3ccc(Cl)cc3)n[nH]2)cc1,MAOB
CHEMBL3585816,COC(=O)C(C)N1C(=O)c2ccccc2NC1c1ccccc1,MAOB
CHEMBL3585814,COC(=O)CN1C(=O)c2ccccc2NC1c1ccc(Cl)cc1,MAOB
CHEMBL3585808,COC(=O)CCNC(=O)c1ccccc1N,MAOB
CHEMBL3585834,COC(=O)CCCN1C(=O)c2ccccc2NC1c1ccco1,MAOB
CHEMBL3585827,NNC(=O)C(Cc1ccccc1)N1C(=O)c2ccccc2NC1c1ccco1,MAOB
CHEMBL3585820,COC(=O)C(Cc1ccccc1)N1C(=O)c2ccccc2NC1c1ccc(Cl)cc1,MAOB
CHEMBL3408919,CC(C)(C)Oc1ccc(CC(NC(=O)OCC2c3ccccc3-c3ccccc32)C(=O)NNC(=O)Cn2c(=O)c(Cc3ccccc3)nc3ccccc32)cc1,MAOB
CHEMBL3577035,COC(=O)[C@H](CC(C)C)NC(=O)C(=O)c1ccccc1NC(C)=O,MAOB
CHEMBL3577034,CCOC(=O)c1ccc(NC(=O)C(=O)c2ccccc2NC(C)=O)cc1,MAOB
CHEMBL3577036,COC(=O)C[C@H](NC(=O)C(=O)c1ccccc1NC(C)=O)C(=O)OC,MAOB
CHEMBL3577043,COC(=O)C(C)(C)NC(=O)c1ccc(NC(=O)C(=O)c2ccccc2NC(C)=O)cc1,MAOB
CHEMBL3585842,NNC(=O)CCCN1C(=O)c2ccccc2NC1c1ccc2c(c1)OCO2,MAOB
CHEMBL3408908,O=C(NNc1nc2ccccc2nc1Cc1ccccc1)c1ccccc1,MAOB
CHEMBL3577045,COC(=O)CCNC(=O)c1ccc(NC(=O)C(=O)c2ccccc2NC(C)=O)cc1,MAOB
CHEMBL3577046,COC(=O)CCCNC(=O)c1ccc(NC(=O)C(=O)c2ccccc2NC(C)=O)cc1,MAOB
CHEMBL447022,CCC(=O)N1N=C(c2ccc(Cl)cc2)CC1c1ccc(OC)cc1,MAOB
CHEMBL3408909,O=C(NNc1nc2ccccc2nc1Cc1ccccc1)c1ccc(Cl)cc1,MAOB
CHEMBL3585843,NNC(=O)CCCN1C(=O)c2ccccc2NC1c1ccco1,MAOB
CHEMBL8706,C#CCN(C)CCCOc1ccc(Cl)cc1Cl,MAOB
CHEMBL3585831,COC(=O)CCN1C(=O)c2ccccc2NC1c1ccc(Cl)cc1,MAOB
CHEMBL3585811,COC(=O)CN1C(=O)c2ccccc2NC1c1ccccc1,MAOB
CHEMBL472716,CCC(=O)N1N=C(c2ccc(Cl)cc2)CC1c1ccc(Cl)cc1,MAOB
CHEMBL50,O=c1c(O)c(-c2ccc(O)c(O)c2)oc2cc(O)cc(O)c12,MAOB
CHEMBL18116,Cc1cccc(N2CC(CO)OC2=O)c1,MAOB
CHEMBL218059,Clc1ccc(-c2cc(-c3ccccc3)n[nH]2)cc1,MAOB
CHEMBL3585829,COC(=O)CCN1C(=O)c2ccccc2NC1c1ccccc1,MAOB
CHEMBL3585810,COC(=O)CCCCCNC(=O)c1ccccc1N,MAOB
CHEMBL3585819,COC(=O)C(Cc1ccccc1)N1C(=O)c2ccccc2NC1c1ccco1,MAOB
CHEMBL514297,CCC(=O)N1N=C(c2ccccc2)CC1c1ccc(Cl)cc1,MAOB
CHEMBL515389,CCC(=O)N1N=C(c2ccc(Cl)cc2)CC1c1ccccc1,MAOB
CHEMBL474738,CCC(=O)N1N=C(c2ccc(Cl)cc2)CC1c1ccc(F)cc1,MAOB
CHEMBL508959,CCC(=O)N1N=C(c2ccc(F)cc2)CC1c1ccc(Cl)cc1,MAOB
CHEMBL523765,CCC(=O)N1N=C(c2ccc(OC)cc2)CC1c1ccc(OC)cc1,MAOB
CHEMBL18116,Cc1cccc(N2CC(CO)OC2=O)c1,MAOB
CHEMBL8706,C#CCN(C)CCCOc1ccc(Cl)cc1Cl,MAOB
CHEMBL3415439,CCOC(=O)C(C(=O)NCCc1ccccc1)[n+]1ccc2ccccc2c1,MAOB
CHEMBL972,C#CCN(C)[C@H](C)Cc1ccccc1,MAOB
CHEMBL221593,Cc1ccc(-c2cc(-c3ccc(C)cc3)[nH]n2)cc1,MAOB
CHEMBL3577042,COC(=O)[C@H](Cc1ccccc1)NC(=O)c1ccc(NC(=O)C(=O)c2ccccc2NC(C)=O)cc1,MAOB
CHEMBL3585839,NNC(=O)CCN1C(=O)c2ccccc2NC1c1ccc2c(c1)OCO2,MAOB
CHEMBL3585841,NNC(=O)CCCN1C(=O)c2ccccc2NC1c1ccccc1,MAOB
CHEMBL424940,Cc1ccc(-c2cc(-c3ccccc3)[nH]n2)cc1,MAOB
CHEMBL3408930,CC(C)(C)OC(=O)C(Cc1ccc(OC(C)(C)C)cc1)NC(=O)Cn1c(=O)c(Cc2ccccc2)nc2ccccc21,MAOB
CHEMBL474940,CCC(=O)N1N=C(c2ccc(F)cc2)CC1c1ccccc1,MAOB
CHEMBL3415444,CCOC(=O)C(C(=O)N/N=C/c1ccc(Cl)cc1)[n+]1ccc2ccccc2c1.[Br-],MAOB
CHEMBL3415443,CCOC(=O)C(C(=O)N/N=C/c1ccc([N+](=O)[O-])cc1)[n+]1ccc2ccccc2c1.[Br-],MAOB
CHEMBL3585806,COC(=O)CNC(=O)c1ccccc1N,MAOB
CHEMBL3585813,COC(=O)CN1C(=O)c2ccccc2NC1c1ccco1,MAOB
CHEMBL3408910,COc1ccc(C(=O)NNc2nc3ccccc3nc2Cc2ccccc2)cc1,MAOB
CHEMBL3408923,O=C(Cn1c(=O)c(Cc2ccccc2)nc2ccccc21)N/N=C/c1ccc(Cl)cc1,MAOB
CHEMBL3408929,CC(C)(C)OC(=O)C(Cc1ccccc1)NC(=O)Cn1c(=O)c(Cc2ccccc2)nc2ccccc21,MAOB
CHEMBL375966,c1ccc(-c2cc(-c3ccccc3)[nH]n2)cc1,MAOB
CHEMBL86304,O=C(NCCN1CCOCC1)c1ccc(Cl)cc1,MAOB
CHEMBL385397,Fc1ccc(-c2cc(-c3ccccc3)n[nH]2)cc1,MAOB
CHEMBL3585826,CC(C(=O)NN)N1C(=O)c2ccccc2NC1c1ccco1,MAOB
CHEMBL3408916,O=C(Cn1c(=O)c(Cc2ccccc2)nc2ccccc21)NNC(=O)c1ccc([N+](=O)[O-])cc1,MAOB
CHEMBL3408912,O=C(NNc1nc2ccccc2nc1Cc1ccccc1)c1ccc(Br)cc1,MAOB
CHEMBL3408915,O=C(Cn1c(=O)c(Cc2ccccc2)nc2ccccc21)NNC(=O)c1ccc(Br)cc1,MAOB
CHEMBL8706,C#CCN(C)CCCOc1ccc(Cl)cc1Cl,MAOB
CHEMBL515250,CCC(=O)N1N=C(c2ccccc2)CC1c1ccccc1,MAOB
CHEMBL514139,CCC(=O)N1N=C(c2ccc(F)cc2)CC1c1ccc(OC)cc1,MAOB
CHEMBL489085,CCC(=O)N1N=C(c2ccc(OC)cc2)CC1c1ccc(Cl)cc1,MAOB
CHEMBL472713,CCC(=O)N1N=C(c2ccccc2)CC1c1ccc(OC)cc1,MAOB
CHEMBL474939,CCC(=O)N1N=C(c2ccc(Cl)cc2)CC1c1ccc(C)cc1,MAOB
CHEMBL3585823,NNC(=O)CN1C(=O)c2ccccc2NC1c1ccco1,MAOB
CHEMBL3577039,COC(=O)CCCCCNC(=O)C(=O)c1ccccc1NC(C)=O,MAOB
CHEMBL972,C#CCN(C)[C@H](C)Cc1ccccc1,MAOB
CHEMBL3585821,NNC(=O)CN1C(=O)c2ccccc2NC1c1ccccc1,MAOB
CHEMBL505492,CCC(=O)N1N=C(c2ccc(OC)cc2)CC1c1ccc(F)cc1,MAOB
CHEMBL489086,CCC(=O)N1N=C(c2ccc(OC)cc2)CC1c1ccc(C)cc1,MAOB
CHEMBL508175,CCC(=O)N1N=C(c2ccc(C)cc2)CC1c1ccc(C)cc1,MAOB
CHEMBL472902,CCC(=O)N1N=C(c2ccc(F)cc2)CC1c1ccc(C)cc1,MAOB
CHEMBL3408911,O=C(NNc1nc2ccccc2nc1Cc1ccccc1)c1ccc(O)cc1,MAOB
CHEMBL3408914,O=C(Cn1c(=O)c(Cc2ccccc2)nc2ccccc21)NNC(=O)c1ccc(Cl)cc1,MAOB
CHEMBL3585824,NNC(=O)CN1C(=O)c2ccccc2NC1c1ccc(Cl)cc1,MAOB
CHEMBL3585818,COC(=O)C(C)N1C(=O)c2ccccc2NC1c1ccco1,MAOB
CHEMBL515237,CCC(=O)N1N=C(c2ccccc2)CC1c1ccc(F)cc1,MAOB
CHEMBL472918,CCC(=O)N1N=C(c2ccc(F)cc2)CC1c1ccc(F)cc1,MAOB
CHEMBL86304,O=C(NCCN1CCOCC1)c1ccc(Cl)cc1,MAOB
CHEMBL472712,CCC(=O)N1N=C(c2ccccc2)CC1c1ccc(C)cc1,MAOB
CHEMBL472904,CCC(=O)N1N=C(c2ccc(C)cc2)CC1c1ccc(Cl)cc1,MAOB
CHEMBL473309,CCC(=O)N1N=C(c2ccc(C)cc2)CC1c1ccc(OC)cc1,MAOB
CHEMBL3408907,CC(=O)NNc1nc2ccccc2nc1Cc1ccccc1,MAOB
CHEMBL489084,CCC(=O)N1N=C(c2ccc(OC)cc2)CC1c1ccccc1,MAOB
CHEMBL3408928,CC(C)CC(NC(=O)Cn1c(=O)c(Cc2ccccc2)nc2ccccc21)C(=O)OC(C)(C)C,MAOB
CHEMBL86304,O=C(NCCN1CCOCC1)c1ccc(Cl)cc1,MAOB
CHEMBL3577038,COC(=O)CCCNC(=O)C(=O)c1ccccc1NC(C)=O,MAOB
CHEMBL3577044,COC(=O)C[C@H](NC(=O)c1ccc(NC(=O)C(=O)c2ccccc2NC(C)=O)cc1)C(=O)OC,MAOB
CHEMBL3585828,NNC(=O)C(Cc1ccccc1)N1C(=O)c2ccccc2NC1c1ccc(Cl)cc1,MAOB
CHEMBL3415441,N/N=C/c1ccc([N+](=O)[O-])cc1,MAOB
CHEMBL3408913,Cc1ccc(C(=O)NNC(=O)Cn2c(=O)c(Cc3ccccc3)nc3ccccc32)cc1,MAOB
CHEMBL3585807,COC(=O)[C@H](Cc1ccccc1)NC(=O)c1ccccc1N,MAOB
CHEMBL3585825,COc1ccc(C2Nc3ccccc3C(=O)N2CC(=O)NN)cc1,MAOB
CHEMBL3408924,O=C(Cn1c(=O)c(Cc2ccccc2)nc2ccccc21)N/N=C/c1ccc(Br)cc1,MAOB
CHEMBL221629,Fc1ccc(-c2cc(-c3ccc(F)cc3)[nH]n2)cc1,MAOB
CHEMBL3415442,N/N=C/c1ccc(Cl)cc1,MAOB
CHEMBL3585837,COC(=O)CCCCCNC(=O)c1ccccc1/N=C/c1ccccc1,MAOB
CHEMBL3585838,NNC(=O)CCN1C(=O)c2ccccc2NC1c1ccccc1,MAOB
CHEMBL3585832,COC(=O)CCCN1C(=O)c2ccccc2NC1c1ccccc1,MAOB
CHEMBL3585822,NNC(=O)CN1C(=O)c2ccccc2NC1c1ccc2c(c1)OCO2,MAOB
CHEMBL3585812,COC(=O)CN1C(=O)c2ccccc2NC1c1ccc2c(c1)OCO2,MAOB
CHEMBL3585815,COC(=O)CN1C(=O)c2ccccc2NC1c1ccc(OC)cc1,MAOB
CHEMBL375616,Cc1ccc(-c2cc(-c3ccc(F)cc3)[nH]n2)cc1,MAOB
CHEMBL3408925,O=C(Cn1c(=O)c(Cc2ccccc2)nc2ccccc21)N/N=C/c1ccc([N+](=O)[O-])cc1,MAOB
CHEMBL3408927,O=C(Cn1c(=O)c(Cc2ccccc2)nc2ccccc21)N/N=C1/C(=O)Nc2ccccc21,MAOB
CHEMBL3408917,CC(C)CC(NC(=O)OCC1c2ccccc2-c2ccccc21)C(=O)NNC(=O)Cn1c(=O)c(Cc2ccccc2)nc2ccccc21,MAOB
CHEMBL8706,C#CCN(C)CCCOc1ccc(Cl)cc1Cl,MAOB
CHEMBL3585840,NNC(=O)CCN1C(=O)c2ccccc2NC1c1ccc(Cl)cc1,MAOB
CHEMBL501122,CCO/N=C(\C(=O)N[C@@H]1C(=O)N2C(C(=O)[O-])=C(Sc3nc(-c4cc[n+](C)cc4)cs3)CS[C@H]12)c1nsc(NP(=O)(O)O)n1,PBP
CHEMBL29,CC1(C)S[C@@H]2[C@H](NC(=O)Cc3ccccc3)C(=O)N2[C@H]1C(=O)O,PBP
CHEMBL29,CC1(C)S[C@@H]2[C@H](NC(=O)Cc3ccccc3)C(=O)N2[C@H]1C(=O)O,PBP
CHEMBL1626882,C[C@@H](O)[C@H]1C(=O)N2C(C(=O)O)=C(c3ccc4c(c3)-c3ccc(C[N+]56CC[N+](CC(=O)Nc7ccccc7)(CC5)CC6)cc3C4=O)[C@H](C)[C@H]12.[Cl-].[Cl-],PBP
CHEMBL282600,C[C@@H](O)[C@H]1C(=O)N2C(C(=O)[O-])=C(Sc3nc4cc(Cl)ccc4s3)[C@H](C)[C@H]12.[Na+],PBP
CHEMBL34381,C[C@@H](O)[C@H]1C(=O)N2C(C(=O)[O-])=C(Sc3nc4cc(C[n+]5ccn(C)c5)ccc4s3)C[C@H]12,PBP
CHEMBL282641,C[C@@H](O)[C@H]1C(=O)N2C(C(=O)[O-])=C(Sc3ncc4ccccc4n3)[C@H](C)[C@H]12.[Na+],PBP
CHEMBL501122,CCO/N=C(\C(=O)N[C@@H]1C(=O)N2C(C(=O)[O-])=C(Sc3nc(-c4cc[n+](C)cc4)cs3)CS[C@H]12)c1nsc(NP(=O)(O)O)n1,PBP
CHEMBL33235,C[C@@H](O)[C@H]1C(=O)N2C(C(=O)[O-])=C(Sc3nc4c(C[n+]5ccn(C)c5)csc4s3)C[C@H]12,PBP
CHEMBL1626948,C[C@@H](O)[C@H]1C(=O)N2C(C(=O)O)=C(c3ccc4c(c3)-c3ccc(C[N+]56CC[N+](CC#N)(CC5)CC6)cc3C4=O)C[C@H]12.[Cl-].[Cl-],PBP
CHEMBL148,C[C@@H](O)[C@H]1C(=O)N2C(C(=O)O)=C(SCCNC=N)C[C@H]12,PBP
CHEMBL1626956,C[C@@H](O)[C@H]1C(=O)N2C(C(=O)O)=C(c3ccc4c(c3)-c3ccc(C[N+]56CC[N+](CC(=O)Nc7cccc(C(N)=O)c7)(CC5)CC6)cc3C4=O)[C@H](C)[C@H]12.[Cl-].[Cl-],PBP
CHEMBL1626969,C[C@@H](O)[C@H]1C(=O)N2C(C(=O)O)=C(c3ccc4c(c3)-c3ccc(C[N+]56CC[N+](CC(=O)N(C)c7ccccc7)(CC5)CC6)cc3C4=O)[C@H](C)[C@H]12.[Cl-].[Cl-],PBP
CHEMBL819,Cc1onc(-c2ccccc2)c1C(=O)N[C@@H]1C(=O)N2[C@@H]1SC(C)(C)[C@@H]2C(=O)O,PBP
CHEMBL286644,COC(=O)c1csc2sc(SC3=C(C(=O)[O-])N4C(=O)[C@H]([C@@H](C)O)[C@H]4[C@H]3C)nc12.[Na+],PBP
CHEMBL430547,C[C@@H](O)[C@H]1C(=O)N2C(C(=O)[O-])=C(Sc3nc4ccc([N+](=O)[O-])cc4s3)[C@H](C)[C@H]12.[Na+],PBP
CHEMBL1626919,C[C@@H](O)[C@H]1C(=O)N2C(C(=O)O)=C(c3ccc4c(c3)-c3ccc(C[N+]56CC[N+](CC(=O)NC7CCCC7)(CC5)CC6)cc3C4=O)[C@H](C)[C@H]12.[Cl-].[Cl-],PBP
CHEMBL1626937,CC(=O)c1cccc(NC(=O)C[N+]23CC[N+](Cc4ccc5c(c4)C(=O)c4ccc(C6=C(C(=O)O)N7C(=O)[C@H]([C@@H](C)O)[C@H]7[C@H]6C)cc4-5)(CC2)CC3)c1.[Cl-].[Cl-],PBP
CHEMBL1626918,C[C@@H](O)[C@H]1C(=O)N2C(C(=O)O)=C(c3ccc4c(c3)-c3ccc(C[N+]56CC[N+](CC(=O)NCc7ccccc7)(CC5)CC6)cc3C4=O)[C@H](C)[C@H]12.[Cl-].[Cl-],PBP
CHEMBL520642,Nc1nc(/C(=N/O)C(=O)N[C@@H]2C(=O)N3C(C(=O)O)=C(/C=C4\CCN([C@@H]5CCNC5)C4=O)CS[C@H]23)ns1,PBP
CHEMBL501122,CCO/N=C(\C(=O)N[C@@H]1C(=O)N2C(C(=O)[O-])=C(Sc3nc(-c4cc[n+](C)cc4)cs3)CS[C@H]12)c1nsc(NP(=O)(O)O)n1,PBP
CHEMBL501122,CCO/N=C(\C(=O)N[C@@H]1C(=O)N2C(C(=O)[O-])=C(Sc3nc(-c4cc[n+](C)cc4)cs3)CS[C@H]12)c1nsc(NP(=O)(O)O)n1,PBP
CHEMBL161,CO/N=C(\C(=O)N[C@@H]1C(=O)N2C(C(=O)O)=C(CSc3nc(=O)c(O)nn3C)CS[C@H]12)c1csc(N)n1,PBP
CHEMBL29,CC1(C)S[C@@H]2[C@H](NC(=O)Cc3ccccc3)C(=O)N2[C@H]1C(=O)O,PBP
CHEMBL148,C[C@@H](O)[C@H]1C(=O)N2C(C(=O)O)=C(SCCNC=N)C[C@H]12,PBP
CHEMBL161,CO/N=C(\C(=O)N[C@@H]1C(=O)N2C(C(=O)O)=C(CSc3nc(=O)c(O)nn3C)CS[C@H]12)c1csc(N)n1,PBP
CHEMBL1730,CO/N=C(\C(=O)N[C@@H]1C(=O)N2C(C(=O)O)=C(COC(C)=O)CS[C@H]12)c1csc(N)n1,PBP
CHEMBL127,C[C@@H](O)[C@H]1C(=O)N2C(C(=O)O)=C(S[C@@H]3CN[C@H](C(=O)N(C)C)C3)[C@H](C)[C@H]12,PBP
CHEMBL348278,C[C@@H](O)[C@H]1C(=O)N2C(C(=O)[O-])=C(CN3C(=O)c4cccc5cccc(c45)C3=O)[C@H](C)[C@H]12.[Na+],PBP
CHEMBL33296,C[C@@H](O)[C@H]1C(=O)N2C(C(=O)[O-])=C(Sc3nc(-c4ccccc4)cs3)C[C@H]12.[Na+],PBP
CHEMBL520642,Nc1nc(/C(=N/O)C(=O)N[C@@H]2C(=O)N3C(C(=O)O)=C(/C=C4\CCN([C@@H]5CCNC5)C4=O)CS[C@H]23)ns1,PBP
CHEMBL1626901,C[C@@H](O)[C@H]1C(=O)N2C(C(=O)O)=C(c3ccc4c(c3)-c3ccc(C[N+]56CC[N+](CC(=O)Nc7ccccn7)(CC5)CC6)cc3C4=O)[C@H](C)[C@H]12.[Cl-].[Cl-],PBP
CHEMBL1626940,C[C@@H](O)[C@H]1C(=O)N2C(C(=O)O)=C(c3ccc4c(c3)-c3ccc(C[N+]56CC[N+](CCO)(CC5)CC6)cc3C4=O)[C@H](C)[C@H]12.[Cl-].[Cl-],PBP
CHEMBL1626970,CNC(=O)C[N+]12CC[N+](Cc3ccc4c(c3)C(=O)c3ccc(C5=C(C(=O)O)N6C(=O)[C@H]([C@@H](C)O)[C@H]6[C@H]5C)cc3-4)(CC1)CC2.[Cl-].[Cl-],PBP
CHEMBL161482,C[C@@H](O)[C@H]1C(=O)N2C(C(=O)[O-])=C(CN3C(=O)c4cccc5cccc(c45)S3(=O)=O)[C@H](C)[C@H]12.[Na+],PBP
CHEMBL287661,C[C@@H](O)[C@H]1C(=O)N2C(C(=O)[O-])=C(Sc3nc4ccccc4s3)[C@H](C)[C@H]12.[Na+],PBP
CHEMBL1626953,COc1ccc(NC(=O)C[N+]23CC[N+](Cc4ccc5c(c4)C(=O)c4ccc(C6=C(C(=O)O)N7C(=O)[C@H]([C@@H](C)O)[C@H]7[C@H]6C)cc4-5)(CC2)CC3)cc1.[Cl-].[Cl-],PBP
CHEMBL161,CO/N=C(\C(=O)N[C@@H]1C(=O)N2C(C(=O)O)=C(CSc3nc(=O)c(O)nn3C)CS[C@H]12)c1csc(N)n1,PBP
CHEMBL44354,CC(C)(O/N=C(\C(=O)N[C@@H]1C(=O)N2C(C(=O)[O-])=C(C[n+]3ccccc3)CS[C@H]12)c1csc(N)n1)C(=O)O,PBP
CHEMBL1626935,C[C@@H](O)[C@H]1C(=O)N2C(C(=O)O)=C(c3ccc4c(c3)-c3ccc(C[N+]56CC[N+](CC(=O)NC(C)(C)C)(CC5)CC6)cc3C4=O)[C@H](C)[C@H]12.[Cl-].[Cl-],PBP
CHEMBL29,CC1(C)S[C@@H]2[C@H](NC(=O)Cc3ccccc3)C(=O)N2[C@H]1C(=O)O,PBP
CHEMBL287558,C[C@@H](O)[C@H]1C(=O)N2C(C(=O)[O-])=C(Sc3nc4cc(Cl)ccc4s3)C[C@H]12.[Na+],PBP
CHEMBL520642,Nc1nc(/C(=N/O)C(=O)N[C@@H]2C(=O)N3C(C(=O)O)=C(/C=C4\CCN([C@@H]5CCNC5)C4=O)CS[C@H]23)ns1,PBP
CHEMBL351921,C[C@@H](O)[C@H]1C(=O)N2C(C(=O)[O-])=C(CN3C(=O)c4c(ccc5ccccc45)S3(=O)=O)[C@H](C)[C@H]12.[Na+],PBP
CHEMBL4524290,N#Cc1ccc(/C=C/c2nc3ccccc3c(=O)n2-c2cc(C(=O)O)ccc2F)cc1,PBP
CHEMBL1626914,C[C@@H](O)[C@H]1C(=O)N2C(C(=O)O)=C(c3ccc4c(c3)-c3ccc(C[N+]56CC[N+](CC(=O)Nc7cccc(C#N)c7)(CC5)CC6)cc3C4=O)[C@H](C)[C@H]12.[Cl-].[Cl-],PBP
CHEMBL284293,C[C@@H](O)[C@H]1C(=O)N2C(C(=O)[O-])=C(Sc3cc4ccccc4s3)[C@H](C)[C@H]12.[Na+],PBP
CHEMBL1626960,CCC[N+]12CC[N+](Cc3ccc4c(c3)C(=O)c3ccc(C5=C(C(=O)O)N6C(=O)[C@H]([C@@H](C)O)[C@H]6[C@H]5C)cc3-4)(CC1)CC2.[Cl-].[Cl-],PBP
CHEMBL1626946,C[C@@H](O)[C@H]1C(=O)N2C(C(=O)O)=C(c3ccc4c(c3)-c3ccc(C[N+]56CC[N+](CC(=O)N(C)C)(CC5)CC6)cc3C4=O)[C@H](C)[C@H]12.[Cl-].[Cl-],PBP
CHEMBL1626903,C[C@@H](O)[C@H]1C(=O)N2C(C(=O)O)=C(c3ccc4c(c3)-c3ccc(C[N+]56CC[N+](CCOc7ccccc7)(CC5)CC6)cc3C4=O)[C@H](C)[C@H]12.[Cl-].[Cl-],PBP
CHEMBL422426,C[C@@H](O)[C@H]1C(=O)N2C(C(=O)[O-])=C(c3ccc4c(c3)-c3ccc(C[n+]5ccn(C)c5)cc3C4=O)C[C@H]12,PBP
CHEMBL1626971,C[C@@H](O)[C@H]1C(=O)N2C(C(=O)O)=C(c3ccc4c(c3)-c3ccc(C[N+]56CC[N+](CC(=O)Nc7ccncc7)(CC5)CC6)cc3C4=O)[C@H](C)[C@H]12.[Cl-].[Cl-],PBP
CHEMBL1626955,C[C@@H](O)[C@H]1C(=O)N2C(C(=O)O)=C(c3ccc4c(c3)-c3ccc(C[N+]56CC[N+](C)(CC5)CC6)cc3C4=O)C[C@H]12.[Cl-].[Cl-],PBP
CHEMBL127,C[C@@H](O)[C@H]1C(=O)N2C(C(=O)O)=C(S[C@@H]3CN[C@H](C(=O)N(C)C)C3)[C@H](C)[C@H]12,PBP
CHEMBL1626890,C[C@@H](O)[C@H]1C(=O)N2C(C(=O)O)=C(c3ccc4c(c3)-c3ccc(C[N+]56CC[N+](C)(CC5)CC6)cc3C4=O)[C@H](C)[C@H]12.[Cl-].[Cl-],PBP
CHEMBL1626947,C[C@@H](O)[C@H]1C(=O)N2C(C(=O)O)=C(c3ccc4c(c3)-c3ccc(C[N+]56CC[N+](CC(=O)Nc7ccccc7)(CC5)CC6)cc3C4=O)C[C@H]12.[Cl-].[Cl-],PBP
CHEMBL284058,CCOc1ccc2nc(SC3=C(C(=O)[O-])N4C(=O)[C@H]([C@@H](C)O)[C@H]4[C@H]3C)sc2c1.[Na+],PBP
CHEMBL1626905,C[C@@H](O)[C@H]1C(=O)N2C(C(=O)O)=C(c3ccc4c(c3)-c3ccc(C[N+]56CC[N+](CCCC(N)=O)(CC5)CC6)cc3C4=O)[C@H](C)[C@H]12.[Cl-].[Cl-],PBP
CHEMBL1626906,C[C@@H](O)[C@H]1C(=O)N2C(C(=O)O)=C(c3ccc4c(c3)-c3ccc(C[N+]56CC[N+](Cc7ccccc7)(CC5)CC6)cc3C4=O)[C@H](C)[C@H]12.[Cl-].[Cl-],PBP
CHEMBL1626949,C[C@@H](O)[C@H]1C(=O)N2C(C(=O)O)=C(c3ccc4c(c3)-c3ccc(C[N+]56CC[N+](CC(=O)c7ccccc7)(CC5)CC6)cc3C4=O)[C@H](C)[C@H]12.[Cl-].[Cl-],PBP
CHEMBL159153,C[C@@H](O)[C@H]1C(=O)N2C(C(=O)[O-])=C(CN3Cc4cccc5cccc(c45)S3(=O)=O)[C@H](C)[C@H]12.[Na+],PBP
CHEMBL161595,C[C@@H](O)[C@H]1C(=O)N2C(C(=O)[O-])=C(CN3C(=O)c4cccc5cccc3c45)[C@H](C)[C@H]12.[Na+],PBP
CHEMBL262777,CN[C@H](CC(C)C)C(=O)N[C@H]1C(=O)N[C@@H](CC(N)=O)C(=O)N[C@H]2C(=O)N[C@H]3C(=O)N[C@H](C(=O)N[C@H](C(=O)O)c4cc(O)cc(O)c4-c4cc3ccc4O)[C@H](O)c3ccc(c(Cl)c3)Oc3cc2cc(c3O[C@@H]2O[C@H](CO)[C@@H](O)[C@H](O)[C@H]2O[C@H]2C[C@](C)(N)[C@H](O)[C@H](C)O2)Oc2ccc(cc2Cl)[C@H]1O,PBP
CHEMBL1626967,C[C@@H](O)[C@H]1C(=O)N2C(C(=O)O)=C(c3ccc4c(c3)-c3ccc(C[N+]56CC[N+](CC(=O)Nc7ccccc7C(N)=O)(CC5)CC6)cc3C4=O)[C@H](C)[C@H]12.[Cl-].[Cl-],PBP
CHEMBL1626942,C[C@@H](O)[C@H]1C(=O)N2C(C(=O)O)=C(c3ccc4c(c3)-c3ccc(C[N+]56CC[N+](CC(=O)Nc7ccc(O)cc7)(CC5)CC6)cc3C4=O)[C@H](C)[C@H]12.[Cl-].[Cl-],PBP
CHEMBL432966,C[C@@H](O)[C@H]1C(=O)N2C(C(=O)[O-])=C(c3ccc4c(c3)-c3ccc(C[N+]56CC[N+](CC(N)=O)(CC5)CC6)cc3C4=O)C[C@H]12.[Cl-],PBP
CHEMBL1626917,C[C@@H](O)[C@H]1C(=O)N2C(C(=O)O)=C(c3ccc4c(c3)-c3ccc(C[N+]56CC[N+](CCCO)(CC5)CC6)cc3C4=O)[C@H](C)[C@H]12.[Cl-].[Cl-],PBP
CHEMBL30991,COC(=O)c1cc2sc(SC3=C(C(=O)[O-])N4C(=O)[C@H]([C@@H](C)O)[C@H]4[C@H]3C)nc2o1.[Na+],PBP
CHEMBL1626899,C[C@@H](O)[C@H]1C(=O)N2C(C(=O)O)=C(c3ccc4c(c3)-c3ccc(C[N+]56CC[N+](CC#N)(CC5)CC6)cc3C4=O)[C@H](C)[C@H]12.[Cl-].[Cl-],PBP
CHEMBL1626883,C[C@@H](O)[C@H]1C(=O)N2C(C(=O)O)=C(c3ccc4c(c3)-c3ccc(C[N+]56CC[N+](CC(=O)Nc7nccs7)(CC5)CC6)cc3C4=O)[C@H](C)[C@H]12.[Cl-].[Cl-],PBP
CHEMBL1626911,C[C@@H](O)[C@H]1C(=O)N2C(C(=O)O)=C(c3ccc4c(c3)-c3ccc(C[N+]56CC[N+](CC(=O)Nc7ccc(CO)cc7)(CC5)CC6)cc3C4=O)[C@H](C)[C@H]12.[Cl-].[Cl-],PBP
CHEMBL1730,CO/N=C(\C(=O)N[C@@H]1C(=O)N2C(C(=O)O)=C(COC(C)=O)CS[C@H]12)c1csc(N)n1,PBP
CHEMBL1626941,C[C@@H](O)[C@H]1C(=O)N2C(C(=O)O)=C(c3ccc4c(c3)-c3ccc(C[N+]56CC[N+](CC(=O)Nc7ccc(C#N)cc7)(CC5)CC6)cc3C4=O)[C@H](C)[C@H]12.[Cl-].[Cl-],PBP
CHEMBL1626950,CC[N+]12CC[N+](Cc3ccc4c(c3)C(=O)c3ccc(C5=C(C(=O)O)N6C(=O)[C@H]([C@@H](C)O)[C@H]6C5)cc3-4)(CC1)CC2.[Cl-].[Cl-],PBP
CHEMBL1626934,CC(=O)c1ccc(NC(=O)C[N+]23CC[N+](Cc4ccc5c(c4)C(=O)c4ccc(C6=C(C(=O)O)N7C(=O)[C@H]([C@@H](C)O)[C@H]7[C@H]6C)cc4-5)(CC2)CC3)cc1.[Cl-].[Cl-],PBP
CHEMBL1626881,CC(C)NC(=O)C[N+]12CC[N+](Cc3ccc4c(c3)C(=O)c3ccc(C5=C(C(=O)O)N6C(=O)[C@H]([C@@H](C)O)[C@H]6[C@H]5C)cc3-4)(CC1)CC2.[Cl-].[Cl-],PBP
CHEMBL1730,CO/N=C(\C(=O)N[C@@H]1C(=O)N2C(C(=O)O)=C(COC(C)=O)CS[C@H]12)c1csc(N)n1,PBP
CHEMBL1730,CO/N=C(\C(=O)N[C@@H]1C(=O)N2C(C(=O)O)=C(COC(C)=O)CS[C@H]12)c1csc(N)n1,PBP
CHEMBL3805841,N#Cc1ccc(/C=C/c2nc3ccccc3c(=O)n2-c2cccc(C(=O)O)c2)cc1,PBP
CHEMBL389847,C[C@@H](O)[C@H]1C(=O)N2C(C(=O)O)=C(S[C@H]3C[C@@H](C(=O)N4CC[C@H](NC(=O)CNC(=N)N)C4)N(C)C3)[C@H](C)[C@H]12,PBP
CHEMBL148,C[C@@H](O)[C@H]1C(=O)N2C(C(=O)O)=C(SCCNC=N)C[C@H]12,PBP
CHEMBL1626885,C[C@@H](O)[C@H]1C(=O)N2C(C(=O)O)=C(c3ccc4c(c3)-c3ccc(C[N+]56CC[N+](CC(=O)Nc7ccc(C(N)=O)cc7)(CC5)CC6)cc3C4=O)[C@H](C)[C@H]12.[Cl-].[Cl-],PBP
CHEMBL4862632,COc1ccc(-c2cc(=O)oc3c(C)c(OCC(=O)N[C@@H](Cc4c[nH]c5ccc(O)cc45)C(=O)O)ccc23)cc1,PBP
CHEMBL4862632,COc1ccc(-c2cc(=O)oc3c(C)c(OCC(=O)N[C@@H](Cc4c[nH]c5ccc(O)cc45)C(=O)O)ccc23)cc1,PBP
CHEMBL33583,C[C@@H](O)[C@H]1C(=O)N2C(C(=O)[O-])=C(Sc3nc4ccccc4s3)C[C@H]12.[Na+],PBP
CHEMBL148,C[C@@H](O)[C@H]1C(=O)N2C(C(=O)O)=C(SCCNC=N)C[C@H]12,PBP
CHEMBL285914,C[C@@H](O)[C@H]1C(=O)N2C(C(=O)[O-])=C(Sc3nccs3)[C@H](C)[C@H]12.[Na+],PBP
CHEMBL4847813,Cc1ccc(NC(=O)[C@H](Cc2c[nH]c3ccccc23)NC(=O)C2CCN(C(=O)CNC(=O)OC(C)(C)C)CC2)cc1,PBP
CHEMBL4879273,COc1cc2c(c(OC)c1OC)-c1ccc(NCC(=O)NCCc3c[nH]c4ccccc34)c(=O)cc1[C@@H](NC(C)=O)CC2,PBP
CHEMBL34220,C[C@@H](O)[C@H]1C(=O)N2C(C(=O)[O-])=C(Sc3nc4ccccc4o3)[C@H](C)[C@H]12.[Na+],PBP
CHEMBL161,CO/N=C(\C(=O)N[C@@H]1C(=O)N2C(C(=O)O)=C(CSc3nc(=O)c(O)nn3C)CS[C@H]12)c1csc(N)n1,PBP
CHEMBL410910,C[C@@H](O)[C@H]1C(=O)N2C(C(=O)[O-])=C(Sc3nc4ccc(C#N)cc4s3)[C@H](C)[C@H]12.[Na+],PBP
CHEMBL157932,C[C@@H](O)[C@H]1C(=O)N2C(C(=O)[O-])=C(CN3Cc4c(ccc5ccccc45)S3(=O)=O)[C@H](C)[C@H]12.[Na+],PBP
CHEMBL1626933,CCC[N+]12CC[N+](Cc3ccc4c(c3)C(=O)c3ccc(C5=C(C(=O)O)N6C(=O)[C@H]([C@@H](C)O)[C@H]6C5)cc3-4)(CC1)CC2.[Cl-].[Cl-],PBP
CHEMBL520642,Nc1nc(/C(=N/O)C(=O)N[C@@H]2C(=O)N3C(C(=O)O)=C(/C=C4\CCN([C@@H]5CCNC5)C4=O)CS[C@H]23)ns1,PBP
CHEMBL819,Cc1onc(-c2ccccc2)c1C(=O)N[C@@H]1C(=O)N2[C@@H]1SC(C)(C)[C@@H]2C(=O)O,PBP
CHEMBL1626945,CCCNC(=O)C[N+]12CC[N+](Cc3ccc4c(c3)C(=O)c3ccc(C5=C(C(=O)O)N6C(=O)[C@H]([C@@H](C)O)[C@H]6[C@H]5C)cc3-4)(CC1)CC2.[Cl-].[Cl-],PBP
CHEMBL819,Cc1onc(-c2ccccc2)c1C(=O)N[C@@H]1C(=O)N2[C@@H]1SC(C)(C)[C@@H]2C(=O)O,PBP
CHEMBL322522,C[C@@H](O)[C@H]1C(=O)N2C(C(=O)[O-])=C(c3ccc4c(c3)-c3ccc(C[N+]56CC[N+](CC(N)=O)(CC5)CC6)cc3C4=O)[C@H](C)[C@H]12.[Cl-],PBP
CHEMBL1626922,C[C@@H](O)[C@H]1C(=O)N2C(C(=O)O)=C(c3ccc4c(c3)-c3ccc(C[N+]56CC[N+](CC(=O)Nc7cccnc7)(CC5)CC6)cc3C4=O)[C@H](C)[C@H]12.[Cl-].[Cl-],PBP
CHEMBL33323,C[C@@H](O)[C@H]1C(=O)N2C(C(=O)[O-])=C(Sc3nc4ccc(N)cc4s3)[C@H](C)[C@H]12.[Na+],PBP
CHEMBL283624,C[C@@H](O)[C@H]1C(=O)N2C(C(=O)[O-])=C(Sc3nc(-c4ccccc4)cs3)[C@H](C)[C@H]12.[Na+],PBP
CHEMBL1626912,COc1cccc(NC(=O)C[N+]23CC[N+](Cc4ccc5c(c4)C(=O)c4ccc(C6=C(C(=O)O)N7C(=O)[C@H]([C@@H](C)O)[C@H]7[C@H]6C)cc4-5)(CC2)CC3)c1.[Cl-].[Cl-],PBP
CHEMBL30322,C[C@@H](O)[C@H]1C(=O)N2C(C(=O)[O-])=C(Sc3nc4cc(CO)ccc4s3)[C@H](C)[C@H]12.[Na+],PBP
CHEMBL30267,C[C@@H](O)[C@H]1C(=O)N2C(C(=O)[O-])=C(Sc3ncc(-c4ccccc4)s3)[C@H](C)[C@H]12.[Na+],PBP
CHEMBL1626908,C[C@@H](O)[C@H]1C(=O)N2C(C(=O)O)=C(c3ccc4c(c3)-c3ccc(C[N+]56CC[N+](CC(=O)Nc7cccc(CO)c7)(CC5)CC6)cc3C4=O)[C@H](C)[C@H]12.[Cl-].[Cl-],PBP
CHEMBL33672,C[C@@H](O)[C@H]1C(=O)N2C(C(=O)[O-])=C(Sc3ccc4ccccc4n3)[C@H](C)[C@H]12.[Na+],PBP
CHEMBL3805841,N#Cc1ccc(/C=C/c2nc3ccccc3c(=O)n2-c2cccc(C(=O)O)c2)cc1,PBP
CHEMBL1652606,Cc1oc(=O)oc1COC(=O)N1CC[C@@H](N2CC/C(=C\C3=C(C(=O)O)N4C(=O)[C@@H](NC(=O)/C(=N/O)c5nsc(N)n5)[C@H]4SC3)C2=O)C1,PBP
CHEMBL389847,C[C@@H](O)[C@H]1C(=O)N2C(C(=O)O)=C(S[C@H]3C[C@@H](C(=O)N4CC[C@H](NC(=O)CNC(=N)N)C4)N(C)C3)[C@H](C)[C@H]12,PBP
CHEMBL520642,Nc1nc(/C(=N/O)C(=O)N[C@@H]2C(=O)N3C(C(=O)O)=C(/C=C4\CCN([C@@H]5CCNC5)C4=O)CS[C@H]23)ns1,PBP
CHEMBL819,Cc1onc(-c2ccccc2)c1C(=O)N[C@@H]1C(=O)N2[C@@H]1SC(C)(C)[C@@H]2C(=O)O,PBP
CHEMBL520642,Nc1nc(/C(=N/O)C(=O)N[C@@H]2C(=O)N3C(C(=O)O)=C(/C=C4\CCN([C@@H]5CCNC5)C4=O)CS[C@H]23)ns1,PBP
CHEMBL520642,Nc1nc(/C(=N/O)C(=O)N[C@@H]2C(=O)N3C(C(=O)O)=C(/C=C4\CCN([C@@H]5CCNC5)C4=O)CS[C@H]23)ns1,PBP
CHEMBL387640,C[C@@H](O)[C@H]1C(=O)N2C(C(=O)[O-])=C(c3cn4cnc(C(=O)c5ccc[n+](CC(N)=O)c5)c4s3)[C@H](C)[C@H]12,PBP
CHEMBL501122,CCO/N=C(\C(=O)N[C@@H]1C(=O)N2C(C(=O)[O-])=C(Sc3nc(-c4cc[n+](C)cc4)cs3)CS[C@H]12)c1nsc(NP(=O)(O)O)n1,PBP
CHEMBL161,CO/N=C(\C(=O)N[C@@H]1C(=O)N2C(C(=O)O)=C(CSc3nc(=O)c(O)nn3C)CS[C@H]12)c1csc(N)n1,PBP
CHEMBL29,CC1(C)S[C@@H]2[C@H](NC(=O)Cc3ccccc3)C(=O)N2[C@H]1C(=O)O,PBP
CHEMBL1730,CO/N=C(\C(=O)N[C@@H]1C(=O)N2C(C(=O)O)=C(COC(C)=O)CS[C@H]12)c1csc(N)n1,PBP
CHEMBL29,CC1(C)S[C@@H]2[C@H](NC(=O)Cc3ccccc3)C(=O)N2[C@H]1C(=O)O,PBP
CHEMBL501122,CCO/N=C(\C(=O)N[C@@H]1C(=O)N2C(C(=O)[O-])=C(Sc3nc(-c4cc[n+](C)cc4)cs3)CS[C@H]12)c1nsc(NP(=O)(O)O)n1,PBP
CHEMBL1626891,C[C@@H](O)[C@H]1C(=O)N2C(C(=O)O)=C(c3ccc4c(c3)-c3ccc(C[N+]56CC[N+](CC(=O)Nc7ccc(CCO)cc7)(CC5)CC6)cc3C4=O)[C@H](C)[C@H]12.[Cl-].[Cl-],PBP
CHEMBL560889,C=CCCC(=O)O[C@H](C)[C@H]1C(=O)N(C(=O)CCC=C)[C@@H]1OC(C)=O,PBP
CHEMBL561549,CC(=O)O[C@@H]1[C@@H]2C(=O)N1C(=O)CC/C=C/CCC(=O)O[C@@H]2C,PBP
CHEMBL563388,CC(=O)O[C@@H]1[C@@H]2C(=O)N1C(=O)CCCCCCC(=O)O[C@@H]2C,PBP
CHEMBL287296,C[C@@H](O)[C@H]1C(=O)N2C(C(=O)[O-])=C(Sc3nc4cc(C(F)(F)F)ccc4s3)[C@H](C)[C@H]12.[Na+],PBP
CHEMBL33794,C[C@@H](O)[C@H]1C(=O)N2C(C(=O)[O-])=C(Sc3nc4ccc(Cl)cc4s3)[C@H](C)[C@H]12.[Na+],PBP
CHEMBL430721,C[C@@H](O)[C@H]1C(=O)N2C(C(=O)[O-])=C(Sc3nc4c(CO)csc4s3)[C@H](C)[C@H]12.[Na+],PBP
CHEMBL161759,C[C@@H](O)[C@H]1C(=O)N2C(C(=O)[O-])=C(CN3c4cccc5cccc(c45)N(C)S3(=O)=O)[C@H](C)[C@H]12.[Na+],PBP
CHEMBL161,CO/N=C(\C(=O)N[C@@H]1C(=O)N2C(C(=O)O)=C(CSc3nc(=O)c(O)nn3C)CS[C@H]12)c1csc(N)n1,PBP
CHEMBL1626902,C[C@@H](O)[C@H]1C(=O)N2C(C(=O)O)=C(c3ccc4c(c3)-c3ccc(C[N+]56CC[N+](CC(=O)Nc7ccccc7C#N)(CC5)CC6)cc3C4=O)[C@H](C)[C@H]12.[Cl-].[Cl-],PBP
CHEMBL1626913,COc1ccccc1NC(=O)C[N+]12CC[N+](Cc3ccc4c(c3)C(=O)c3ccc(C5=C(C(=O)O)N6C(=O)[C@H]([C@@H](C)O)[C@H]6[C@H]5C)cc3-4)(CC1)CC2.[Cl-].[Cl-],PBP
CHEMBL148,C[C@@H](O)[C@H]1C(=O)N2C(C(=O)O)=C(SCCNC=N)C[C@H]12,PBP
CHEMBL5090979,CO/N=C(\C(=O)N1CCN(c2ccc3c4c(cccc24)C(=O)N(CCN(C)C)C3=O)CC1)c1csc(N)n1,PBP
CHEMBL1626936,C[C@@H](O)[C@H]1C(=O)N2C(C(=O)O)=C(c3ccc4c(c3)-c3ccc(C[N+]56CC[N+](CCCO)(CC5)CC6)cc3C4=O)C[C@H]12.[Cl-].[Cl-],PBP
CHEMBL4862632,COc1ccc(-c2cc(=O)oc3c(C)c(OCC(=O)N[C@@H](Cc4c[nH]c5ccc(O)cc45)C(=O)O)ccc23)cc1,PBP
CHEMBL4871381,COc1ccc(NC(=O)[C@H]2Oc3c(c(=O)oc4ccccc34)[C@@H]2c2ccc(CCCN3CCCC3=O)cc2)cc1,PBP
CHEMBL1626887,C[C@@H](O)[C@H]1C(=O)N2C(C(=O)O)=C(c3ccc4c(c3)-c3ccc(C[N+]56CC[N+](CCO)(CC5)CC6)cc3C4=O)C[C@H]12.[Cl-].[Cl-],PBP
CHEMBL4879273,COc1cc2c(c(OC)c1OC)-c1ccc(NCC(=O)NCCc3c[nH]c4ccccc34)c(=O)cc1[C@@H](NC(C)=O)CC2,PBP
CHEMBL4871381,COc1ccc(NC(=O)[C@H]2Oc3c(c(=O)oc4ccccc34)[C@@H]2c2ccc(CCCN3CCCC3=O)cc2)cc1,PBP
CHEMBL4879273,COc1cc2c(c(OC)c1OC)-c1ccc(NCC(=O)NCCc3c[nH]c4ccccc34)c(=O)cc1[C@@H](NC(C)=O)CC2,PBP
CHEMBL4871381,COc1ccc(NC(=O)[C@H]2Oc3c(c(=O)oc4ccccc34)[C@@H]2c2ccc(CCCN3CCCC3=O)cc2)cc1,PBP
CHEMBL4847813,Cc1ccc(NC(=O)[C@H](Cc2c[nH]c3ccccc23)NC(=O)C2CCN(C(=O)CNC(=O)OC(C)(C)C)CC2)cc1,PBP
CHEMBL4847813,Cc1ccc(NC(=O)[C@H](Cc2c[nH]c3ccccc23)NC(=O)C2CCN(C(=O)CNC(=O)OC(C)(C)C)CC2)cc1,PBP
CHEMBL5090979,CO/N=C(\C(=O)N1CCN(c2ccc3c4c(cccc24)C(=O)N(CCN(C)C)C3=O)CC1)c1csc(N)n1,PBP
CHEMBL3670896,Cc1ncccc1C(=O)N[C@@H](Cc1ccccc1Cl)C(=O)NCCCC[C@@H](CO)N(CC(C)C)S(=O)(=O)c1ccc(N)cc1,HIVP
CHEMBL3670894,COC(=O)N[C@H](C(=O)NCCCC[C@H](CO)N(CC(C)C)S(=O)(=O)c1ccc2c(c1)N(C)CCO2)C(c1ccccc1)c1ccccc1,HIVP
CHEMBL3670888,CC(C)CN(Sc1ccc2c(c1)CCO2)[C@H](CO)CCCCNC(=O)[C@@H](Cc1cccc2ccccc12)NC(=O)N1CCOCC1,HIVP
CHEMBL3670897,Cc1ccccc1C[C@H](NC(=O)c1cccnc1)C(=O)NCCCC[C@@H](CO)N(CC(C)C)S(=O)(=O)c1ccc(N)cc1,HIVP
CHEMBL3670882,CC(C)CN([C@H](CO)CCCCNC(=O)[C@H](Cc1ccccc1Br)NC(=O)C1=NCC(C)N=C1)S(=O)(=O)c1ccc(N)cc1,HIVP
CHEMBL3670868,CC(C)CN([C@H](CO)CCCCNC(=O)[C@@H](NC(=O)NCC1=CCCN=C1)C(c1ccccc1)c1ccccc1)S(=O)(=O)c1ccc(N)cc1,HIVP
CHEMBL3670890,CC(C)CN([C@H](CO)CCCCNC(=O)[C@H](Cc1ccccc1Br)NC(=O)N1CCOCC1)S(=O)(=O)c1ccc2c(c1)CCO2,HIVP
CHEMBL3670863,CC(C)CN([C@H](CO)CCCCNC(=O)[C@H](Cc1ccc2ccccc2c1)NS(=O)(=O)c1ccc2c(c1)OCCC2C)S(=O)(=O)c1ccc(N)cc1,HIVP
CHEMBL3670865,CC(C)CN([C@H](CO)CCCCNC(=O)[C@H](Cc1ccc2ccccc2c1)NCc1ccccn1)S(=O)(=O)c1ccc(N)cc1,HIVP
CHEMBL3670873,CC(C)CN(C(CCCCNC(=O)[C@H](CC1=C2C=CC=CC2CC=C1)NC(=O)N1CCOCC1)C(N)=O)S(=O)(=O)c1ccc(N)cc1,HIVP
CHEMBL3670901,COC(=O)N[C@@H](CC1CCCCC1)C(=O)NCCCC[C@@H](CO)N(CC(C)C)S(=O)(=O)c1ccc(N)cc1,HIVP
CHEMBL3670869,CC(C)CN([C@H](CO)CCCCNC(=O)[C@@H](NC(=O)NCc1ccncc1)C(c1ccccc1)c1ccccc1)S(=O)(=O)c1ccc(N)cc1,HIVP
CHEMBL3670872,CC(=O)N[C@H](C(=O)NCCCCC(C(N)=O)N(CC(C)C)S(=O)(=O)c1ccc(N)cc1)C(c1ccccc1)c1ccccc1,HIVP
CHEMBL3670829,O=C(O)CNC(=O)c1c(=O)oc(O)c2cc(Br)ccc12,HIVP
CHEMBL3670893,CC(C)CN([C@H](CO)CCCCNC(=O)[C@@H](NC(=O)N1CCOCC1)C(c1ccccc1)c1ccccc1)S(=O)(=O)c1ccc2c(c1)CCO2,HIVP
CHEMBL3670866,CC(C)CN([C@H](CO)CCCCNC(=O)[C@@H](NS(=O)(=O)c1cccs1)C(c1ccccc1)c1ccccc1)S(=O)(=O)c1ccc(N)cc1,HIVP
CHEMBL3670874,COC(=O)N[C@H](C(=O)NCCCCC(C(N)=O)N(CC(C)C)S(=O)(=O)c1ccc(N)cc1)C(c1ccccc1)c1ccccc1,HIVP
CHEMBL3670876,CC(C)CN([C@H](CO)CCCCNC(=O)[C@@H](Cc1ccccc1Br)NC(=O)c1ccccn1)S(=O)(=O)c1ccc(N)cc1,HIVP
CHEMBL3670877,CC(C)CN([C@H](CO)CCCCNC(=O)[C@@H](Cc1ccccc1Br)NC(=O)c1cccnc1)S(=O)(=O)c1ccc(N)cc1,HIVP
CHEMBL3670886,Cc1c(O)cccc1C(=O)N[C@@H](Cc1ccccc1Br)C(=O)NCCCC[C@@H](CO)N(CC(C)C)S(=O)(=O)c1ccc(N)cc1,HIVP
CHEMBL3670898,C[C@H](NC(=O)c1c(=O)oc(O)c2cccc(-c3cccc(C(F)(F)F)c3)c12)C(=O)O,HIVP
CHEMBL3670903,Cc1ccc(C(=O)N[C@@H](CC2CCCCC2)C(=O)NCCCC[C@@H](CO)N(CC(C)C)S(=O)(=O)c2ccc(N)cc2)cn1,HIVP
CHEMBL3670884,Cc1ccc(C(=O)N[C@@H](Cc2ccccc2Br)C(=O)NCCCC[C@@H](CO)N(CC(C)C)S(=O)(=O)c2ccc(N)cc2)cc1O,HIVP
CHEMBL3670900,Cc1ccc(C(=O)N[C@@H](Cc2ccccc2C)C(=O)NCCCC[C@@H](CO)N(CC(C)C)S(=O)(=O)c2ccc(N)cc2)cc1O,HIVP
CHEMBL3670871,COC(=O)N[C@H](C(=O)NCCCC[C@@H](CO)N(Cc1cccnc1)S(=O)(=O)c1ccc(N)cc1)C(c1ccccc1)c1ccccc1,HIVP
CHEMBL3670879,CC(C)CN([C@H](CO)CCCCNC(=O)C(Cc1ccccc1Br)NC(=O)c1ccncc1)S(=O)(=O)c1ccc(N)cc1,HIVP
CHEMBL3670899,Cc1ccccc1C[C@H](NC(=O)c1cccc(C)c1O)C(=O)NCCCC[C@@H](CO)N(CC(C)C)S(=O)(=O)c1ccc(N)cc1,HIVP
CHEMBL3670870,COC(=O)N[C@H](C(=O)NCCCC[C@H](C(N)=O)N(CC(C)C)S(=O)(=O)c1ccc(N)cc1)C(c1ccccc1)c1ccccc1,HIVP
CHEMBL3639697,COC(=O)N[C@H](C(=O)NCCCC[C@H](CO)N(CC(C)C)S(=O)(=O)c1cccc2cccnc12)C(c1ccccc1)c1ccccc1,HIVP
CHEMBL3670875,CC(C)CN([C@H](CO)CCCCNC(=O)[C@H](Cc1ccccc1Br)NC(=O)c1cnccn1)S(=O)(=O)c1ccc(N)cc1,HIVP
CHEMBL3670887,CC(C)CN([C@H](CO)CCCCNC(=O)[C@H](Cc1ccccc1Br)NC(=O)c1cccc(=O)[nH]1)S(=O)(=O)c1ccc(N)cc1,HIVP
CHEMBL3670864,CCC(=O)NC(=O)N(C)CC(=O)N[C@@H](Cc1ccc2ccccc2c1)C(=O)NCCCC[C@@H](CO)N(CC(C)C)S(=O)(=O)c1ccc(N)cc1,HIVP
CHEMBL3670885,CC(C)CN([C@H](CO)CCCCNC(=O)[C@H](Cc1ccccc1Br)NC(=O)OCc1ccncc1)S(=O)(=O)c1ccc(N)cc1,HIVP
CHEMBL3670867,CN[C@H](C(=O)NCCCC[C@@H](CO)N(CC(C)C)S(=O)(=O)c1ccc(N)cc1)C(c1ccccc1)C1C=CC=CC1,HIVP
CHEMBL3670881,Cc1ccc(C(=O)N[C@@H](Cc2ccccc2Br)C(=O)NCCCC[C@@H](CO)N(CC(C)C)S(=O)(=O)c2ccc(N)cc2)cn1,HIVP
CHEMBL3670891,CC(C)CN([C@H](CO)CCCCNC(=O)[C@H](CC1=C(Br)CCC=C1)NC(=O)N1CCOCC1)S(=O)(=O)c1ccc2c(c1)OCCO2,HIVP
CHEMBL3670883,Cc1cccnc1C(=O)N[C@@H](Cc1ccccc1Br)C(=O)NCCCC[C@@H](CO)N(CC(C)C)S(=O)(=O)c1ccc(N)cc1,HIVP
CHEMBL3670870,COC(=O)N[C@H](C(=O)NCCCC[C@H](C(N)=O)N(CC(C)C)S(=O)(=O)c1ccc(N)cc1)C(c1ccccc1)c1ccccc1,HIVP
CHEMBL3670889,CC(C)CN(Sc1ccc2c(c1)OCCO2)[C@H](CO)CCCCNC(=O)[C@@H](Cc1cccc2ccccc12)NC(=O)N1CCOCC1,HIVP
CHEMBL3670902,CC(C)CN([C@H](CO)CCCCNC(=O)[C@H](CC1CCCCC1)NC(=O)c1cccnc1)S(=O)(=O)c1ccc(N)cc1,HIVP
CHEMBL3670892,COC(=O)N[C@H](C(=O)NCCCC[C@@H](CO)N(CC(C)C)S(=O)(=O)c1ccc2c(c1)CCO2)C(C1=CC=CCC1)c1ccccc1,HIVP
CHEMBL3670880,Cc1ncccc1C(=O)N[C@@H](Cc1ccccc1Br)C(=O)NCCCC[C@@H](CO)N(CC(C)C)S(=O)(=O)c1ccc(N)cc1,HIVP
CHEMBL3670878,CC(C)CN([C@H](CO)CCCCNC(=O)[C@@H](Cc1ccccc1Br)NC(=O)c1ccc2c(c1)OCO2)S(=O)(=O)c1ccc(N)cc1,HIVP
CHEMBL3670895,CC(C)CN([C@H](CO)CCCCNC(=O)[C@H](Cc1ccccc1Cl)NC(=O)c1ccncc1)S(=O)(=O)c1ccc(N)cc1,HIVP
